mean_fit_time,std_fit_time,mean_score_time,std_score_time,param_model__C,param_model__penalty,params,split0_test_score,split1_test_score,split2_test_score,split3_test_score,split4_test_score,mean_test_score,std_test_score,rank_test_score,split0_train_score,split1_train_score,split2_train_score,split3_train_score,split4_train_score,mean_train_score,std_train_score
0.038054275512695315,0.003927093320382452,0.009253549575805663,0.0018765314047595263,0.01,l2,"{'model__C': 0.01, 'model__penalty': 'l2'}",0.7370441458733206,0.7379182156133829,0.7490636704119851,0.746268656716418,0.7238454288407163,0.7388280234911646,0.008816117091668022,3,0.7423355956002808,0.7456674473067916,0.7417840375586855,0.7403914171186041,0.743879472693032,0.7428115940554788,0.0018130618228184782
0.0415290355682373,0.0038894146075398118,0.00783696174621582,0.000712082956137243,0.1,l2,"{'model__C': 0.1, 'model__penalty': 'l2'}",0.7452471482889734,0.7341532639545885,0.7495327102803738,0.7474178403755869,0.7339622641509433,0.7420626454100933,0.0066752607802619155,1,0.7536436295251528,0.7557126030624264,0.7505320406715535,0.7501185395922239,0.7550295857988165,0.7530072797300347,0.002292817708008711
0.05116205215454102,0.005263505143622662,0.007571792602539063,0.0009127821544855321,1.0,l2,"{'model__C': 1, 'model__penalty': 'l2'}",0.7431796801505174,0.7315689981096408,0.744661095636026,0.7431796801505174,0.7332704995287465,0.7391719907150895,0.005565725771823866,2,0.7639605818864383,0.7685814771395076,0.7626641651031895,0.7634991747229427,0.767776990314198,0.7652964778332553,0.002403670084271916
